id,nickname,avatar_url,role,city,bio,is_public,created_at,updated_at
"831bda5c-977f-47fe-b7be-3b9582eee65f","云静观","","member","云深不知处","祸福无门，惟人自召； 善恶之报，如影随形。","true","2026-04-28T10:31:39.537115+00:00","2026-04-29T09:37:19.031411+00:00"
"200459c2-7703-417a-8f69-6c7e02c9bef2","云芜","","member","辽宁朝阳","自身格言：先掌己心，再掌乾坤，以文会友，墨香留情，心与心交汇，共赴文学之程。","true","2026-04-28T10:31:39.537115+00:00","2026-04-28T10:31:39.537115+00:00"
"1f2e322d-8d7c-48d7-abc2-72c8d1a14ec2","云锦心","","member","湖北","希望能一直和平相处","true","2026-04-28T10:31:39.537115+00:00","2026-04-28T10:31:39.537115+00:00"
"2e13431a-a28d-459e-b187-79abc233291a","云怀明","","member","佛山市","老登想来，老登来了，老登开心。","true","2026-04-28T10:31:39.537115+00:00","2026-04-28T10:31:39.537115+00:00"
"7873636a-8d17-491f-b372-bfd4283687b6","云若初","","member","贵州毕节","修仙问道","true","2026-04-28T10:31:39.537115+00:00","2026-04-28T10:31:39.537115+00:00"
"f325fc70-7dbd-498f-8c60-2b74e041f82f","云天工","","member","四川省资阳市","希望认识更多的朋友，增长见识，开阔眼界","true","2026-04-28T10:31:39.537115+00:00","2026-04-28T10:31:39.537115+00:00"
"82c9209f-9133-4644-a730-367e0f4172ba","云烟落","","member","江苏徐州","交志同道合之友","true","2026-04-28T10:31:39.537115+00:00","2026-04-28T10:31:39.537115+00:00"
"cc2848d6-8e12-45e6-a7f3-4ed39bff5536","云知安","","member","大理","蜉蝣一世，不知所来，亦不知所往，愿寻一地，静归一处。","true","2026-04-28T10:31:39.537115+00:00","2026-04-28T10:31:39.537115+00:00"
"fed1ed57-800e-4c03-9fdf-7e670199dcc5","云念澄","","member","湖北赤壁","圆我江湖一场梦，同众人结下一段江湖缘","true","2026-04-28T10:31:39.537115+00:00","2026-04-28T10:31:39.537115+00:00"
"8b9ff9ba-7753-4949-8e55-0af1e66effd0","云百川","","member","金陵","山涧饮酒，清风徐来；
闲云野鹤，朗呼快哉！","true","2026-04-28T10:31:39.537115+00:00","2026-04-28T10:31:39.537115+00:00"
"d7bcbc11-b8d3-4bf9-a515-14e75409db60","云岚照","","member","青岛","想在这喧嚣繁杂、步履匆匆的人间剧本里，
悄悄喘口气，远离耳语与算计，只留简单、坦荡与真诚。","true","2026-04-28T10:31:39.537115+00:00","2026-04-28T10:31:39.537115+00:00"
"dca6d074-7fa7-4f57-8deb-831ca763e5ef","云玄","","member","台州","自由自在，无愧于心，法向天地","true","2026-04-28T10:31:39.537115+00:00","2026-04-28T10:31:39.537115+00:00"
"29d85bbc-3e60-4deb-90b3-5aa251a53f62","云松柏","","member","武汉","希望可以和大家一起交流探讨。我自己也是道教的，然后也可以给大家分享传播一些道教的基础啊这些。","true","2026-04-28T10:31:39.537115+00:00","2026-04-28T10:31:39.537115+00:00"
"4cdc51e8-57c5-44e2-a6c7-1fd6d05a09d1","云枢衡","","member","上海","随缘","true","2026-04-28T10:31:39.537115+00:00","2026-04-28T10:31:39.537115+00:00"
"10468fbd-ba5d-4c73-8896-b9ad27eccece","云玄守","","member","韶关","避尘烦事，寻内心空明","true","2026-04-28T10:31:39.537115+00:00","2026-04-28T10:31:39.537115+00:00"
"db956fc2-9f88-4417-a16d-179162cc4c2f","云栖汐","","member","成都","心静安处，自在安宁","true","2026-04-28T10:31:39.537115+00:00","2026-04-28T10:31:39.537115+00:00"
"c63ed570-a82b-46bb-a65e-8256311bdf5f","云宁柔","","member","上海","怎么样都可以","true","2026-04-28T10:31:39.537115+00:00","2026-04-28T10:31:39.537115+00:00"
"8844eec4-6783-4404-bb55-8d222fb3104b","云漓谙","","member","河南","相遇即是缘分","true","2026-04-28T10:31:39.537115+00:00","2026-04-28T10:31:39.537115+00:00"
"4dec601c-5ac1-42c3-9b31-cd333e347093","云瑶","","member","山东菏泽","被人坑过来的","true","2026-04-28T10:31:39.537115+00:00","2026-04-28T10:31:39.537115+00:00"
"fc479e4e-68bd-4bc4-9bbe-551690f2fda7","云砚秋","","member","云深不知处","言念君子，温其如玉","true","2026-04-28T10:31:39.537115+00:00","2026-04-28T10:31:39.537115+00:00"
"a65b979d-0c88-48f5-972a-4c632d6889fd","云白落","","member","云深不知处","极尽逍遥之际，便是孤绝命定之时","true","2026-04-28T10:31:39.537115+00:00","2026-04-28T10:31:39.537115+00:00"
"b9b98631-7383-4ed7-8620-b2e5275f2d70","云无妄","","member","四川","一个话很多的高冷侠客","true","2026-04-28T10:31:39.537115+00:00","2026-04-28T10:31:39.537115+00:00"
"5dc5593f-a2a8-4ee6-b897-950f3eadaacb","云修竹","","member","云深不知处","万人来朝","true","2026-04-28T10:31:39.537115+00:00","2026-04-28T10:31:39.537115+00:00"
"f199d002-6059-496c-98fb-8322cd52cf91","云秋白","","member","四川凉山","静而不争远是非","true","2026-04-28T10:31:39.537115+00:00","2026-04-28T10:31:39.537115+00:00"
"a238da73-e8d9-4a85-9a84-5998dab2e758","云清悦","","member","贵州贵阳","人间的一个过客","true","2026-04-28T10:31:39.537115+00:00","2026-04-28T10:31:39.537115+00:00"
"4a19bd0f-34fa-444b-9a04-74caa45ed614","云清","","member","桂林","寻清净之所，同清净之人一同修行","true","2026-04-28T10:31:39.537115+00:00","2026-04-28T10:31:39.537115+00:00"
"c7157ae4-758c-41a6-9baa-cd55fd6e6b1f","云沚","","admin","江苏无锡","寻志同道合的朋友，共筑江湖梦","true","2026-04-28T10:31:39.537115+00:00","2026-04-29T02:53:58.8773+00:00"
"6bc5fabb-26b9-49e9-b247-f7890816b8c1","云泽","","founder","台州","寻一方净土~","true","2026-04-28T01:04:25.139413+00:00","2026-04-28T15:43:46.34947+00:00"
